PHOTOGRAPHER|YEAR|SOURCE|IMAGE_LINK
Ahmad Thomas|2025|https://unsplash.com/photos/man-grilling-sausages-and-burgers-outdoors-at-a-food-stand-3cGE-BJ85jA|https://images.unsplash.com/photo-1758778933294-206a5668f5cd
Jessica Christian|2025|https://unsplash.com/photos/venice-beach-buildings-under-the-clear-blue-sky-jYfAlGeWMaA|https://images.unsplash.com/photo-1743210643684-3b84b63760a0
Annie Spratt|2024|https://unsplash.com/photos/a-group-of-people-standing-in-front-of-a-church-QxiHs4HfehE|https://images.unsplash.com/photo-1712237286405-cce9ea8cf9b4
Joël Edouard|2024|https://unsplash.com/photos/a-mural-of-a-basketball-player-is-painted-on-the-side-of-a-building-d4LZI-uS0a4|https://images.unsplash.com/photo-1729547312206-9fbb6c695490
Katelyn Warner|2024|https://unsplash.com/photos/a-bunch-of-colorful-flags-hanging-from-a-line-oi6iJMkPb3Y|https://images.unsplash.com/photo-1716910541185-7116c59d58d5
The Fleet Mag|2024|https://www.thefleetmag.com/?p=6060|assets/modal_images/culture.png
Tyler Zhang|2024|https://unsplash.com/photos/a-person-sitting-in-the-middle-of-a-street-S6AjHEqpMJY|https://images.unsplash.com/photo-1733344474064-36e7076c6c62
Victoria Orozco|2024|https://unsplash.com/photos/a-person-standing-next-to-a-car-with-a-bunch-of-flowers-on-it-c5VPZIEFx-M|https://images.unsplash.com/photo-1723192365605-d22b9c9b1900
Victoria Orozco|2024|https://unsplash.com/photos/a-man-riding-a-bike-down-a-street-next-to-a-parking-meter-ImaraDMJiPE|https://images.unsplash.com/photo-1722816406216-f5a800bb690e
Akshay Chauhan|2023|https://unsplash.com/photos/a-group-of-people-standing-outside-of-a-store-OMkIIOioWy8|https://images.unsplash.com/photo-1702355572478-a82568f9d3d9
Chris Long|2023|https://unsplash.com/photos/a-group-of-people-holding-protest-signs-on-a-city-street-AWztgOB_Dxo|https://images.unsplash.com/photo-1692310360881-32614c9d1301
Michael Muthee|2023|https://unsplash.com/photos/a-group-of-people-standing-on-top-of-a-truck-12MZzalT79A|https://images.unsplash.com/photo-1700481735418-215edbaacfa3
Sebastian Enrique|2023|https://unsplash.com/photos/a-street-with-palm-trees-and-a-street-sign-F6OyRbX7_gc|https://images.unsplash.com/photo-1674499025951-1fd42fa584af
Sebastian Enrique|2023|https://unsplash.com/photos/a-train-station-on-a-city-street-with-palm-trees-4uQNJlr1nG0|https://images.unsplash.com/photo-1673895090615-493491caa577
Fateh Singh|2022|https://unsplash.com/photos/a-row-of-atm-machines-yjHANvPG3gI|https://images.unsplash.com/photo-1651192400567-10ad8b08e076
Jeffrey Clayton|2022|https://unsplash.com/photos/a-street-lined-with-palm-trees-next-to-the-ocean-wiL7ak0ahSY|https://images.unsplash.com/photo-1647893923196-b4df742477a4
Marius Christensen|2022|https://unsplash.com/photos/a-sign-on-the-street-aynQjDJ64uw|https://images.unsplash.com/photo-1659980014137-8b5b9fa73ba5
Hester Qiang|2021|https://unsplash.com/photos/people-on-beach-during-daytime-stu_DL8q9tw|https://images.unsplash.com/photo-1617155233440-0c1cd9b9d7c6
James Lee|2021|https://unsplash.com/photos/a-group-of-people-standing-around-a-table-filled-with-cds-ua-pzUAe7Jc|https://images.unsplash.com/photo-1638461804896-a66906dafc95
Jenna Ellis|2021|https://unsplash.com/photos/a-group-of-people-standing-around-a-bunch-of-flowers-3bgthcYWRkM|https://images.unsplash.com/photo-1631726027103-edb98187b995
Jimmy Woo|2021|https://unsplash.com/photos/a-row-of-shops-on-a-city-street-WtoCnPmbPG0|https://images.unsplash.com/photo-1635157807982-9bc5b188b780
Lala Miklós|2021|https://unsplash.com/photos/cars-on-road-between-high-rise-buildings-during-daytime-qxstzQ__HMk|https://images.unsplash.com/photo-1619083382085-9452906b7157
Levi Meir Clancy|2021|https://unsplash.com/photos/grayscale-photo-of-people-walking-on-street-tm2VwfXQASs|https://images.unsplash.com/photo-1621877641512-fbb578a9e174
Levi Meir Clancy|2021|https://unsplash.com/photos/a-group-of-people-sitting-on-a-train-next-to-each-other-r835gDNKJyU|https://images.unsplash.com/photo-1638840514815-1d29e888f44e
Michael|2021|https://unsplash.com/photos/a-donut-shop-with-a-giant-donut-on-top-of-it-XfZiLsQsiwE|https://images.unsplash.com/photo-1637000617980-a396f8428c0c
Sean Mullowney|2021|https://unsplash.com/photos/people-walking-on-sidewalk-near-body-of-water-during-daytime-3BgUBmDKwiI|https://images.unsplash.com/photo-1630375604571-4e370942fa65
Timm Mossholder|2021|https://unsplash.com/photos/man-in-gray-hoodie-and-blue-denim-jeans-kneeling-on-green-grass-field-during-daytime-Kx060cRsmt0|https://images.unsplash.com/photo-1626906722163-bd4c03cb3b9b
Bradley Dunn|2020|https://unsplash.com/photos/white-and-black-train-on-rail-near-body-of-water-during-sunset-ee0NzpmtPb0|https://images.unsplash.com/photo-1585862933809-16b98f2ef0db
Mike Von|2020|https://unsplash.com/photos/text-kmpvjNyljbY|https://images.unsplash.com/photo-1590940375410-16d5ef82d0db
Nick Sparkman|2020|https://unsplash.com/photos/man-and-woman-holding-white-and-black-signage-3APinSBLWGQ|https://images.unsplash.com/photo-1591332032788-be24908b8f4c
Nick Sparkman|2020|https://unsplash.com/photos/people-holding-white-printer-paper-during-daytime-QuhD_vC2P00|https://images.unsplash.com/photo-1591332032752-710a9f13f2ad
Rio Space|2020|https://unsplash.com/photos/cars-parked-in-front-of-white-concrete-building-during-daytime-h_p-AIujAd8|https://images.unsplash.com/photo-1607987795508-f48bc662dcac
Santi Fox|2020|https://unsplash.com/photos/white-concrete-building-during-daytime-ED9YHted6Y8|https://images.unsplash.com/photo-1591653859208-72343c2a3c7b
Shot by Joe|2020|https://unsplash.com/photos/people-standing-on-gray-concrete-road-during-daytime-54yf1Zp66Z4|https://images.unsplash.com/photo-1590904595242-19c3f005c8f4
Timm Mossholder|2020|https://unsplash.com/photos/man-in-gray-hoodie-and-black-pants-holding-brown-cardboard-box-xDwEa2kaeJA|https://images.unsplash.com/photo-1605000797499-95a51c5269ae
Timm Mossholder|2020|https://unsplash.com/photos/man-in-blue-dress-shirt-and-blue-denim-jeans-wearing-white-hat-sitting-on-white-plastic-gTOHbjMDNUw|https://images.unsplash.com/photo-1601442243132-50f24975b0a8
kaleb tapp|2020|https://unsplash.com/photos/cars-on-road-near-city-buildings-during-daytime-QHDIQ2IzF1I|https://images.unsplash.com/photo-1609320518571-cbde7ea56184
Cedric Letsch|2019|https://unsplash.com/photos/green-palm-tree-and-city-view-UZVlSjrIJ3o|https://images.unsplash.com/flagged/photo-1575555201693-7cd442b8023f
Florian Wehde|2019|https://unsplash.com/photos/hollywood-signboard-on-mountain-rJalJHnfp00|https://images.unsplash.com/photo-1557123740-a287e1b9dce7
Jonathan Kaufman|2019|https://unsplash.com/photos/grayscale-photo-of-people-walking-on-sidewalk-near-cars-and-buildings-Xr5S1W9Ic6c|https://images.unsplash.com/photo-1619471787276-811cb9f5e1ba
Juliana Malta|2019|https://unsplash.com/photos/venice-city-during-daytime-18Hg9HVXgwc|https://images.unsplash.com/photo-1552410101-651780c9e7d1
LaTerrian McIntosh|2019|https://unsplash.com/photos/three-women-holding-signges-KXTsofC_T0Q|https://images.unsplash.com/photo-1553741777-7a4bf71a4102
Roberto Nickson|2019|https://unsplash.com/photos/vehicles-parked-near-tree-and-building-wdCkqK1oRIc|https://images.unsplash.com/photo-1563503136947-cc262fa1e423
Gerson Repreza|2018|https://unsplash.com/photos/sport-fishing-boating-arch-sign-under-blue-sky-cpmZ9WkkYGE|https://images.unsplash.com/photo-1523430410476-0185cb1f6ff9
Joël de Vriend|2018|https://unsplash.com/photos/man-in-brown-hoodie-sitting-beside-table-dNfk5Fl4pxg|https://images.unsplash.com/photo-1517038651552-a8815de2cf55
Nathan Dumlao|2018|https://unsplash.com/photos/greetings-from-califia-graffiti-wall-cWQDUBcD9bE|https://images.unsplash.com/photo-1516943294273-ea1986b95f25
Viviana Rishe|2018|https://unsplash.com/photos/pacific-rim-ferris-wheel-_6cuFnt_qCs|https://images.unsplash.com/photo-1528324100-d0c311a3da67
Alex Radelich|2017|https://unsplash.com/photos/a-large-group-of-people-holding-up-signs-Evo4wmtRaPI|https://images.unsplash.com/photo-1511898634545-c01af8a54dd5
Maarten van den Heuvel|2017|https://unsplash.com/photos/golden-gate-bridge-during-daytime-gZXx8lKAb7Y|https://images.unsplash.com/photo-1501594907352-04cda38ebc29
Samantha Sophia|2017|https://unsplash.com/photos/men-holding-white-black-and-red-men-of-quality-respect-womens-equality-banner-on-road-r1OQfUIw3ns|https://images.unsplash.com/photo-1485113771930-4e8b61c60d64
Shelby White|2017|https://unsplash.com/photos/aerial-photography-of-ocean-during-daytime-C8c1uRQnYUU|https://images.unsplash.com/photo-1503276119451-51ac0fdc4668
Evgeny Tchebotarev|2015|https://unsplash.com/photos/golden-gate-bridge-during-sunset-ZPQE4XssoBc|https://images.unsplash.com/photo-1422464804701-7d8356b3a42f
Mark Ruwedel|2006|https://www.nga.gov/artworks/222542-california-valley|assets/modal_images/222542-california-valley.jpg
John Harding|1989|https://www.nga.gov/artworks/226729-guerneville-california|assets/modal_images/226729-guerneville-california.jpg
Joe Deal|1982|https://www.nga.gov/artworks/213336-corona-california|assets/modal_images/213336-corona-california.jpg
Mitch Epstein|1974|https://www.nga.gov/artworks/233026-long-beach-california-1974|assets/modal_images/233026-long-beach-california-1974.jpg
Mitch Epstein|1974|https://www.nga.gov/artworks/232939-los-angeles-california-v-1974|assets/modal_images/232939-los-angeles-california-v-1974.jpg
Dorothea Lange|1942|https://www.nga.gov/artworks/208571-city-transition-oakland-california|assets/modal_images/208571-city-transition-oakland-california.jpg
Dorothea Lange|1936|https://www.nga.gov/artworks/208676-old-time-chinaman-type-originally-followed-crops-california-sacramento-california|assets/modal_images/208676-old-time-chinaman-type-originally-followed-crops-california-sacramento-california.jpg